,id_number,age,gender,education,country ,n_score,e_score,o_score,a_score,c_score,impulsiveness,ss,alcohol,anphet,amyl,benzo,caffeine,cannabis,chocolate,cocaine,crack,ecstasy,heroine,ketamine,legal_h,lsd,meth,mushrooms,nicotine,semer,vsa,asian,black_asian,white_asian,white_black,other,white,other2
0,1,0.49788,0.48246,-0.05921,0.96082,0.31287,-0.57545,-0.58331,-0.91699,-0.00665,-0.21712,-1.18084,5,2,0,2,6,0,5,0,0,0,0,0,0,0,0,0,2,0,0,0,0,1,0,0,0,0
1,2,-0.07854,-0.48246,1.98437,0.96082,-0.67825,1.93886,1.43533,0.76096,-0.14277,-0.71126,-0.21575,5,2,2,0,6,4,6,3,0,4,0,2,0,2,3,0,4,0,0,0,0,0,0,0,1,0
2,3,0.49788,-0.48246,-0.05921,0.96082,-0.46725,0.80523,-0.84732,-1.6209,-1.0145,-1.37983,0.40148,6,0,0,0,6,3,4,0,0,0,0,0,0,0,0,1,0,0,0,0,0,0,0,0,1,0
3,4,-0.95197,0.48246,1.16365,0.96082,-0.14882,-0.80615,-0.01928,0.59042,0.58489,-1.37983,-1.18084,4,0,0,3,5,2,4,2,0,0,0,2,0,0,0,0,2,0,0,0,0,0,0,0,1,0
4,5,0.49788,0.48246,1.98437,0.96082,0.73545,-1.6334,-0.45174,-0.30172,1.30612,-0.21712,-0.21575,4,1,1,0,6,3,6,0,0,1,0,0,1,0,0,2,2,0,0,0,0,0,0,0,1,0
